{
  "project_info": {
    "project_number": "557059841252",
    "firebase_url": "https://fir-demo-660c7-default-rtdb.firebaseio.com",
    "project_id": "fir-demo-660c7",
    "storage_bucket": "fir-demo-660c7.appspot.com"
  },
  "client": [
    {
      "client_info": {
        "mobilesdk_app_id": "1:557059841252:android:0d8043ec442e7be87aa0f1",
        "android_client_info": {
          "package_name": "com.example.firebasedemo"
        }
      },
      "oauth_client": [
        {
          "client_id": "557059841252-c7oifkk2vjffsr2jcaetqmn503c5rg35.apps.googleusercontent.com",
          "client_type": 3
        }
      ],
      "api_key": [
        {
          "current_key": "AIzaSyCrgEF8ZIJkEW26zzwZNORWmTpZTjMnypY"
        }
      ],
      "services": {
        "appinvite_service": {
          "other_platform_oauth_client": [
            {
              "client_id": "557059841252-c7oifkk2vjffsr2jcaetqmn503c5rg35.apps.googleusercontent.com",
              "client_type": 3
            }
          ]
        }
      }
    }
  ],
  "configuration_version": "1"
}